{
    "sections": {
        "wordpress-menus": {
            "title": "Menus",
            "priority": 30,
            "help": {
                "Menus": [
                    {
                        "title": "Managing Menus",
                        "src": "https://www.youtube-nocookie.com/watch?v=kLmoGldP0ME&amp;list=PLrqT0WH0HPdM3qcWFqRRj_SOZ80ze0nKj",
                        "duration": "1:14",
                        "documentation": "support/yootheme-pro/wordpress/menus",
                        "support": "support/search?tags=125&q=menu"
                    },
                    {
                        "title": "Setting Menu Items",
                        "src": "https://www.youtube-nocookie.com/watch?v=Z38FTb7G0Ig&amp;list=PLrqT0WH0HPdM3qcWFqRRj_SOZ80ze0nKj",
                        "duration": "2:59",
                        "documentation": "support/yootheme-pro/wordpress/menus#menu-items",
                        "support": "support/search?tags=125&q=menu%20item"
                    },
                    {
                        "title": "Using the Mega Menu Builder",
                        "src": "https://www.youtube-nocookie.com/watch?v=P9ZavmOxe6I&amp;list=PLrqT0WH0HPdM3qcWFqRRj_SOZ80ze0nKj",
                        "duration": "2:23",
                        "documentation": "support/yootheme-pro/wordpress/menus#mega-menu-builder",
                        "support": "support/search?tags=125&q=mega%20menu"
                    },
                    {
                        "title": "Using Menu Locations",
                        "src": "https://www.youtube-nocookie.com/watch?v=qKfu9k9prCg&amp;list=PLrqT0WH0HPdM3qcWFqRRj_SOZ80ze0nKj",
                        "duration": "2:29",
                        "documentation": "support/yootheme-pro/wordpress/menus#menu-locations",
                        "support": "support/search?tags=125&q=menu%20location"
                    },
                    {
                        "title": "Using Menu Location Options",
                        "src": "https://www.youtube-nocookie.com/watch?v=CsrMJ7heglE&amp;list=PLrqT0WH0HPdM3qcWFqRRj_SOZ80ze0nKj",
                        "duration": "2:16",
                        "documentation": "support/yootheme-pro/wordpress/menus#menu-locations",
                        "support": "support/search?tags=125&q=menu%20location%20options"
                    },
                    {
                        "title": "Using the Menu Widget",
                        "src": "https://www.youtube-nocookie.com/watch?v=YvegbKvg1cM&amp;list=PLrqT0WH0HPdM3qcWFqRRj_SOZ80ze0nKj",
                        "duration": "1:28",
                        "documentation": "support/yootheme-pro/wordpress/menus#menu-widget",
                        "support": "support/search?tags=125&q=menu%20widget"
                    }
                ],
                "Menu Items": [
                    {
                        "title": "Creating Menu Dividers",
                        "src": "https://www.youtube-nocookie.com/watch?v=_A39_yFB_qk&amp;list=PLrqT0WH0HPdM3qcWFqRRj_SOZ80ze0nKj",
                        "duration": "0:44",
                        "documentation": "support/yootheme-pro/wordpress/menus#menu-divider",
                        "support": "support/search?tags=125&q=menu%20divider"
                    },
                    {
                        "title": "Creating Menu Headings",
                        "src": "https://www.youtube-nocookie.com/watch?v=9jIIUFiKIzs&amp;list=PLrqT0WH0HPdM3qcWFqRRj_SOZ80ze0nKj",
                        "duration": "0:43",
                        "documentation": "support/yootheme-pro/wordpress/menus#menu-heading",
                        "support": "support/search?tags=125&q=menu%20heading"
                    },
                    {
                        "title": "Creating Navbar Text Items",
                        "src": "https://www.youtube-nocookie.com/watch?v=WCdeye93G8A&amp;list=PLrqT0WH0HPdM3qcWFqRRj_SOZ80ze0nKj",
                        "duration": "1:14",
                        "documentation": "support/yootheme-pro/wordpress/menus#menu-text-item",
                        "support": "support/search?tags=125&q=menu%20text%20item"
                    },
                    {
                        "title": "Creating Accordion Menus",
                        "src": "https://www.youtube-nocookie.com/watch?v=T1Q7ya1cDWA&amp;list=PLrqT0WH0HPdM3qcWFqRRj_SOZ80ze0nKj",
                        "duration": "1:01",
                        "documentation": "support/yootheme-pro/wordpress/menus#accordion-menu",
                        "support": "support/search?tags=125&q=accordion%20menu"
                    }
                ]
            }
        }
    }
}
