{
    "sections": {
        "builder-pages": {
            "title": "Pages",
            "heading": false,
            "priority": 19
        }
    },
    "panels": {
        "builder": {
            "help": {
                "Builder": [
                    {
                        "title": "Using the Page Builder",
                        "src": "https://www.youtube-nocookie.com/watch?v=eru-HP_QlDc&amp;list=PLrqT0WH0HPdM3qcWFqRRj_SOZ80ze0nKj",
                        "duration": "1:07",
                        "documentation": "support/yootheme-pro/wordpress/page-builder#page-builder",
                        "support": "support/search?tags=125&q=builder"
                    },
                    {
                        "title": "Understanding the Layout Structure",
                        "src": "https://www.youtube-nocookie.com/watch?v=ahP4rEXBnIM&amp;list=PLrqT0WH0HPdM3qcWFqRRj_SOZ80ze0nKj",
                        "duration": "0:57",
                        "documentation": "support/yootheme-pro/wordpress/page-builder#layout-structure",
                        "support": "support/search?tags=125&q=layout%20structure"
                    },
                    {
                        "title": "Managing Sections, Rows and Elements",
                        "src": "https://www.youtube-nocookie.com/watch?v=WBju-Frb0Vg&amp;list=PLrqT0WH0HPdM3qcWFqRRj_SOZ80ze0nKj",
                        "duration": "1:04",
                        "documentation": "support/yootheme-pro/wordpress/page-builder#actions",
                        "support": "support/search?tags=125&q=builder"
                    },
                    {
                        "title": "Using the Element Finder",
                        "src": "https://www.youtube-nocookie.com/watch?v=GisyKeSWtsU&amp;list=PLrqT0WH0HPdM3qcWFqRRj_SOZ80ze0nKj",
                        "duration": "0:43",
                        "documentation": "support/yootheme-pro/wordpress/page-builder#element-finder",
                        "support": "support/search?tags=125&q=builder%20element%20finder"
                    },
                    {
                        "title": "Ordering Sections, Rows and Elements",
                        "src": "https://www.youtube-nocookie.com/watch?v=oWBCd3QBPrU&amp;list=PLrqT0WH0HPdM3qcWFqRRj_SOZ80ze0nKj",
                        "duration": "0:23",
                        "documentation": "support/yootheme-pro/wordpress/page-builder#ordering",
                        "support": "support/search?tags=125&q=builder%20ordering"
                    },
                    {
                        "title": "Understanding Status Icons",
                        "src": "https://www.youtube-nocookie.com/watch?v=cWPuhs4KrtQ&amp;list=PLrqT0WH0HPdM3qcWFqRRj_SOZ80ze0nKj",
                        "duration": "3:22",
                        "documentation": "support/yootheme-pro/wordpress/page-builder#status-icons",
                        "support": "support/search?tags=125&q=builder%20status%20icon"
                    },
                    {
                        "title": "Working with Multiple Authors",
                        "src": "https://www.youtube-nocookie.com/watch?v=vv3IWfviGzc&amp;list=PLrqT0WH0HPdM3qcWFqRRj_SOZ80ze0nKj",
                        "duration": "0:38",
                        "documentation": "support/yootheme-pro/wordpress/page-builder#multi-author-workflow",
                        "support": "support/search?tags=125&q=overwriting%20layout"
                    },
                    {
                        "title": "Collapsing Layouts",
                        "src": "https://www.youtube-nocookie.com/watch?v=3Vqe94SZeHM&amp;list=PLrqT0WH0HPdM3qcWFqRRj_SOZ80ze0nKj",
                        "duration": "1:42",
                        "documentation": "support/yootheme-pro/wordpress/collapsing-layouts",
                        "support": "support/search?tags=125&q=collapsing"
                    }
                ],
                "Images and Links": [
                    {
                        "title": "Using Images",
                        "src": "https://www.youtube-nocookie.com/watch?v=tX5eOfIQF0U&amp;list=PLrqT0WH0HPdM3qcWFqRRj_SOZ80ze0nKj",
                        "duration": "4:29",
                        "documentation": "support/yootheme-pro/wordpress/files-and-images#images",
                        "support": "support/search?tags=125&q=image%20field"
                    },
                    {
                        "title": "Using Links",
                        "src": "https://www.youtube-nocookie.com/watch?v=a0pbwsF86-g&amp;list=PLrqT0WH0HPdM3qcWFqRRj_SOZ80ze0nKj",
                        "duration": "0:40",
                        "documentation": "support/yootheme-pro/wordpress/files-and-images#links",
                        "support": "support/search?tags=125&q=link%20field"
                    },
                    {
                        "title": "Using the Media Manager",
                        "src": "https://www.youtube-nocookie.com/watch?v=ELnpkZcQEBE&amp;list=PLrqT0WH0HPdM3qcWFqRRj_SOZ80ze0nKj",
                        "duration": "0:26",
                        "documentation": "support/yootheme-pro/wordpress/files-and-images#media-manager",
                        "support": "support/search?tags=125&q=media%20manager"
                    },
                    {
                        "title": "Using the Unsplash Library",
                        "src": "https://www.youtube-nocookie.com/watch?v=0cgrc7HORj0&amp;list=PLrqT0WH0HPdM3qcWFqRRj_SOZ80ze0nKj",
                        "duration": "1:49",
                        "documentation": "support/yootheme-pro/wordpress/files-and-images#unsplash-library",
                        "support": "support/search?tags=125&q=unsplash"
                    }
                ],
                "Layout Library": [
                    {
                        "title": "Using Pro Layouts",
                        "src": "https://www.youtube-nocookie.com/watch?v=OvTVcRBW99A&amp;list=PLrqT0WH0HPdM3qcWFqRRj_SOZ80ze0nKj",
                        "duration": "1:26",
                        "documentation": "support/yootheme-pro/wordpress/layout-library#pro-layouts",
                        "support": "support/search?tags=125&q=pro%20layouts"
                    },
                    {
                        "title": "Using My Layouts",
                        "src": "https://www.youtube-nocookie.com/watch?v=qKN8RME_q60&amp;list=PLrqT0WH0HPdM3qcWFqRRj_SOZ80ze0nKj",
                        "duration": "1:27",
                        "documentation": "support/yootheme-pro/wordpress/layout-library#my-layouts",
                        "support": "support/search?tags=125&q=my%20layouts"
                    },
                    {
                        "title": "Loading Layouts",
                        "src": "https://www.youtube-nocookie.com/watch?v=r7wJq7E2jCU&amp;list=PLrqT0WH0HPdM3qcWFqRRj_SOZ80ze0nKj",
                        "duration": "0:30",
                        "documentation": "support/yootheme-pro/wordpress/layout-library#loading-layouts",
                        "support": "support/search?tags=125&q=loading%20layout"
                    }
                ],
                "Element Library": [
                    {
                        "title": "Using Elements",
                        "src": "https://www.youtube-nocookie.com/watch?v=yqZFoU9aJCk&amp;list=PLrqT0WH0HPdM3qcWFqRRj_SOZ80ze0nKj",
                        "duration": "1:46",
                        "documentation": "support/yootheme-pro/wordpress/element-library#elements",
                        "support": "support/search?tags=125&q=elements"
                    },
                    {
                        "title": "Using Pro Presets",
                        "src": "https://www.youtube-nocookie.com/watch?v=wRTD3Y0bvAM&amp;list=PLrqT0WH0HPdM3qcWFqRRj_SOZ80ze0nKj",
                        "duration": "1:01",
                        "documentation": "support/yootheme-pro/wordpress/element-library#pro-presets",
                        "support": "support/search?tags=125&q=pro%20presets"
                    },
                    {
                        "title": "Using My Presets",
                        "src": "https://www.youtube-nocookie.com/watch?v=m3v75Sb6ruQ&amp;list=PLrqT0WH0HPdM3qcWFqRRj_SOZ80ze0nKj",
                        "duration": "1:18",
                        "documentation": "support/yootheme-pro/wordpress/element-library#my-presets",
                        "support": "support/search?tags=125&q=my%20presets"
                    },
                    {
                        "title": "Learning Layout Techniques",
                        "src": "https://www.youtube-nocookie.com/watch?v=z4kw04hhJdo&amp;list=PLrqT0WH0HPdM3qcWFqRRj_SOZ80ze0nKj",
                        "duration": "1:09",
                        "documentation": "support/yootheme-pro/wordpress/element-library#layout-techniques",
                        "support": "support/search?tags=125&q=layout%20techniques"
                    },
                    {
                        "title": "Creating Parallax Effects",
                        "src": "https://www.youtube-nocookie.com/watch?v=PKVnGZjd0dE&amp;list=PLrqT0WH0HPdM3qcWFqRRj_SOZ80ze0nKj",
                        "duration": "9:59",
                        "documentation": "support/yootheme-pro/wordpress/elements#parallax-settings",
                        "support": "support/search?tags=125&q=parallax"
                    },
                    {
                        "title": "Creating Sticky Parallax Effects",
                        "src": "https://www.youtube-nocookie.com/watch?v=_fykqti6DYc&amp;list=PLrqT0WH0HPdM3qcWFqRRj_SOZ80ze0nKj",
                        "duration": "19:01",
                        "documentation": "support/yootheme-pro/wordpress/elements#sticky-parallax-effects",
                        "support": "support/search?tags=125&q=sticky%20parallax"
                    },
                    {
                        "title": "The Alert Element",
                        "src": "https://www.youtube-nocookie.com/watch?v=yGaSNRv6FIg&amp;list=PLrqT0WH0HPdM3qcWFqRRj_SOZ80ze0nKj",
                        "duration": "1:18",
                        "documentation": "support/yootheme-pro/wordpress/basic-elements#alert-element",
                        "support": "support/search?tags=125&q=alert%20element"
                    },
                    {
                        "title": "The Code Element",
                        "src": "https://www.youtube-nocookie.com/watch?v=82UaWdmY-d8&amp;list=PLrqT0WH0HPdM3qcWFqRRj_SOZ80ze0nKj",
                        "duration": "0:35",
                        "documentation": "support/yootheme-pro/wordpress/basic-elements#code-element",
                        "support": "support/search?tags=125&q=code%20element"
                    },
                    {
                        "title": "The Countdown Element",
                        "src": "https://www.youtube-nocookie.com/watch?v=TyHQjc6hhb8&amp;list=PLrqT0WH0HPdM3qcWFqRRj_SOZ80ze0nKj",
                        "duration": "0:58",
                        "documentation": "support/yootheme-pro/wordpress/basic-elements#countdown-element",
                        "support": "support/search?tags=125&q=countdown%20element"
                    },
                    {
                        "title": "The Divider Element",
                        "src": "https://www.youtube-nocookie.com/watch?v=iWNJ4ljupws&amp;list=PLrqT0WH0HPdM3qcWFqRRj_SOZ80ze0nKj",
                        "duration": "0:39",
                        "documentation": "support/yootheme-pro/wordpress/basic-elements#divider-element",
                        "support": "support/search?tags=125&q=divider%20element"
                    },
                    {
                        "title": "The Headline Element",
                        "src": "https://www.youtube-nocookie.com/watch?v=vEcEB0I433o&amp;list=PLrqT0WH0HPdM3qcWFqRRj_SOZ80ze0nKj",
                        "duration": "1:18",
                        "documentation": "support/yootheme-pro/wordpress/basic-elements#headline-element",
                        "support": "support/search?tags=125&q=headline%20element"
                    },
                    {
                        "title": "The Icon Element",
                        "src": "https://www.youtube-nocookie.com/watch?v=SXO8OTCK8so&amp;list=PLrqT0WH0HPdM3qcWFqRRj_SOZ80ze0nKj",
                        "duration": "1:01",
                        "documentation": "support/yootheme-pro/wordpress/basic-elements#icon-element",
                        "support": "support/search?tags=125&q=icon%20element"
                    },
                    {
                        "title": "The Image Element",
                        "src": "https://www.youtube-nocookie.com/watch?v=_mcjMQPN2tQ&amp;list=PLrqT0WH0HPdM3qcWFqRRj_SOZ80ze0nKj",
                        "duration": "2:37",
                        "documentation": "support/yootheme-pro/wordpress/basic-elements#image-element",
                        "support": "support/search?tags=125&q=image%20element"
                    },
                    {
                        "title": "The Newsletter Element",
                        "src": "https://www.youtube-nocookie.com/watch?v=FUPzn8pZAtM&amp;list=PLrqT0WH0HPdM3qcWFqRRj_SOZ80ze0nKj",
                        "duration": "2:20",
                        "documentation": "support/yootheme-pro/wordpress/basic-elements#newsletter-element",
                        "support": "support/search?tags=125&q=newsletter%20element"
                    },
                    {
                        "title": "The Overlay Element",
                        "src": "https://www.youtube-nocookie.com/watch?v=CaskgXO23yw&amp;list=PLrqT0WH0HPdM3qcWFqRRj_SOZ80ze0nKj",
                        "duration": "5:41",
                        "documentation": "support/yootheme-pro/wordpress/basic-elements#overlay-element",
                        "support": "support/search?tags=125&q=overlay%20element"
                    },
                    {
                        "title": "The Panel Element",
                        "src": "https://www.youtube-nocookie.com/watch?v=LrTd3WpeCac&amp;list=PLrqT0WH0HPdM3qcWFqRRj_SOZ80ze0nKj",
                        "duration": "3:35",
                        "documentation": "support/yootheme-pro/wordpress/basic-elements#panel-element",
                        "support": "support/search?tags=125&q=panel%20element"
                    },
                    {
                        "title": "The Quotation Element",
                        "src": "https://www.youtube-nocookie.com/watch?v=qTIZHbYQje8&amp;list=PLrqT0WH0HPdM3qcWFqRRj_SOZ80ze0nKj",
                        "duration": "0:52",
                        "documentation": "support/yootheme-pro/wordpress/basic-elements#quotation-element",
                        "support": "support/search?tags=125&q=quotation%20element"
                    },
                    {
                        "title": "The Sublayout Element",
                        "src": "https://www.youtube-nocookie.com/watch?v=rQMk3rN-qVo&amp;list=PLrqT0WH0HPdM3qcWFqRRj_SOZ80ze0nKj",
                        "duration": "2:50",
                        "documentation": "support/yootheme-pro/wordpress/basic-elements#sublayout-element",
                        "support": "support/search?tags=125&q=sublayout%20element"
                    },
                    {
                        "title": "The Text Element",
                        "src": "https://www.youtube-nocookie.com/watch?v=IkJgm2c4w5E&amp;list=PLrqT0WH0HPdM3qcWFqRRj_SOZ80ze0nKj",
                        "duration": "1:17",
                        "documentation": "support/yootheme-pro/wordpress/basic-elements#text-element",
                        "support": "support/search?tags=125&q=text%20element"
                    },
                    {
                        "title": "The Totop Element",
                        "src": "https://www.youtube-nocookie.com/watch?v=3sQUAwbasI4&amp;list=PLrqT0WH0HPdM3qcWFqRRj_SOZ80ze0nKj",
                        "duration": "0:33",
                        "documentation": "support/yootheme-pro/wordpress/basic-elements#totop-element",
                        "support": "support/search?tags=125&q=totop%20element"
                    },
                    {
                        "title": "The Video Element",
                        "src": "https://www.youtube-nocookie.com/watch?v=GhnVRXG7les&amp;list=PLrqT0WH0HPdM3qcWFqRRj_SOZ80ze0nKj",
                        "duration": "1:30",
                        "documentation": "support/yootheme-pro/wordpress/basic-elements#video-element",
                        "support": "support/search?tags=125&q=video%20element"
                    },
                    {
                        "title": "The Accordion Element",
                        "src": "https://www.youtube-nocookie.com/watch?v=sbqNaJVA49g&amp;list=PLrqT0WH0HPdM3qcWFqRRj_SOZ80ze0nKj",
                        "duration": "2:03",
                        "documentation": "support/yootheme-pro/wordpress/multiple-items-elements#accordion-element",
                        "support": "support/search?tags=125&q=accordion%20element"
                    },
                    {
                        "title": "The Button Element",
                        "src": "https://www.youtube-nocookie.com/watch?v=5f0GyiDTXdM&amp;list=PLrqT0WH0HPdM3qcWFqRRj_SOZ80ze0nKj",
                        "duration": "2:01",
                        "documentation": "support/yootheme-pro/wordpress/multiple-items-elements#button-element",
                        "support": "support/search?tags=125&q=button%20element"
                    },
                    {
                        "title": "The Description List Element",
                        "src": "https://www.youtube-nocookie.com/watch?v=1QdPBTcgOTc&amp;list=PLrqT0WH0HPdM3qcWFqRRj_SOZ80ze0nKj",
                        "duration": "2:34",
                        "documentation": "support/yootheme-pro/wordpress/multiple-items-elements#description-list-element",
                        "support": "support/search?tags=125&q=description-list%20element"
                    },
                    {
                        "title": "The Gallery Element",
                        "src": "https://www.youtube-nocookie.com/watch?v=QrY8WGLIk5Y&amp;list=PLrqT0WH0HPdM3qcWFqRRj_SOZ80ze0nKj",
                        "duration": "5:15",
                        "documentation": "support/yootheme-pro/wordpress/multiple-items-elements#gallery-element",
                        "support": "support/search?tags=125&q=gallery%20element"
                    },
                    {
                        "title": "The Grid Element",
                        "src": "https://www.youtube-nocookie.com/watch?v=5viHNXg8TT8&amp;list=PLrqT0WH0HPdM3qcWFqRRj_SOZ80ze0nKj",
                        "duration": "5:10",
                        "documentation": "support/yootheme-pro/wordpress/multiple-items-elements#grid-element",
                        "support": "support/search?tags=125&q=grid%20element"
                    },
                    {
                        "title": "The List Element",
                        "src": "https://www.youtube-nocookie.com/watch?v=2EdPTQyAj4U&amp;list=PLrqT0WH0HPdM3qcWFqRRj_SOZ80ze0nKj",
                        "duration": "2:26",
                        "documentation": "support/yootheme-pro/wordpress/multiple-items-elements#list-element",
                        "support": "support/search?tags=125&q=list%20element"
                    },
                    {
                        "title": "The Map Element",
                        "src": "https://www.youtube-nocookie.com/watch?v=ihAyS7Ln9RA&amp;list=PLrqT0WH0HPdM3qcWFqRRj_SOZ80ze0nKj",
                        "duration": "5:00",
                        "documentation": "support/yootheme-pro/wordpress/multiple-items-elements#map-element",
                        "support": "support/search?tags=125&q=map%20element"
                    },
                    {
                        "title": "The Nav Element",
                        "src": "https://www.youtube-nocookie.com/watch?v=b7ZsXD-Ki_U&amp;list=PLrqT0WH0HPdM3qcWFqRRj_SOZ80ze0nKj",
                        "duration": "1:32",
                        "documentation": "support/yootheme-pro/wordpress/multiple-items-elements#nav-element",
                        "support": "support/search?tags=125&q=nav%20element"
                    },
                    {
                        "title": "The Overlay Slider Element",
                        "src": "https://www.youtube-nocookie.com/watch?v=svfBwp0z7ww&amp;list=PLrqT0WH0HPdM3qcWFqRRj_SOZ80ze0nKj",
                        "duration": "4:16",
                        "documentation": "support/yootheme-pro/wordpress/multiple-items-elements#overlay-slider-element",
                        "support": "support/search?tags=125&q=overlay-slider%20element"
                    },
                    {
                        "title": "The Panel Slider Element",
                        "src": "https://www.youtube-nocookie.com/watch?v=B5bFBrK_nMY&amp;list=PLrqT0WH0HPdM3qcWFqRRj_SOZ80ze0nKj",
                        "duration": "4:24",
                        "documentation": "support/yootheme-pro/wordpress/multiple-items-elements#panel-slider-element",
                        "support": "support/search?tags=125&q=panel-slider%20element"
                    },
                    {
                        "title": "The Popover Element",
                        "src": "https://www.youtube-nocookie.com/watch?v=3q2uvJhqEcs&amp;list=PLrqT0WH0HPdM3qcWFqRRj_SOZ80ze0nKj",
                        "duration": "3:19",
                        "documentation": "support/yootheme-pro/wordpress/multiple-items-elements#popover-element",
                        "support": "support/search?tags=125&q=popover%20element"
                    },
                    {
                        "title": "The Slideshow Element",
                        "src": "https://www.youtube-nocookie.com/watch?v=jEDBLkGfIjU&amp;list=PLrqT0WH0HPdM3qcWFqRRj_SOZ80ze0nKj",
                        "duration": "6:20",
                        "documentation": "support/yootheme-pro/wordpress/multiple-items-elements#slideshow-element",
                        "support": "support/search?tags=125&q=slideshow%20element"
                    },
                    {
                        "title": "The Social Element",
                        "src": "https://www.youtube-nocookie.com/watch?v=0U5rHTknT7A&amp;list=PLrqT0WH0HPdM3qcWFqRRj_SOZ80ze0nKj",
                        "duration": "1:32",
                        "documentation": "support/yootheme-pro/wordpress/multiple-items-elements#social-element",
                        "support": "support/search?tags=125&q=social%20element"
                    },
                    {
                        "title": "The Subnav Element",
                        "src": "https://www.youtube-nocookie.com/watch?v=llyT8HFaXhM&amp;list=PLrqT0WH0HPdM3qcWFqRRj_SOZ80ze0nKj",
                        "duration": "0:33",
                        "documentation": "support/yootheme-pro/wordpress/multiple-items-elements#subnav-element",
                        "support": "support/search?tags=125&q=subnav%20element"
                    },
                    {
                        "title": "The Switcher Element",
                        "src": "https://www.youtube-nocookie.com/watch?v=fqtWROEKM_o&amp;list=PLrqT0WH0HPdM3qcWFqRRj_SOZ80ze0nKj",
                        "duration": "3:58",
                        "documentation": "support/yootheme-pro/wordpress/multiple-items-elements#switcher-element",
                        "support": "support/search?tags=125&q=switcher%20element"
                    },
                    {
                        "title": "The Table Element",
                        "src": "https://www.youtube-nocookie.com/watch?v=0KGSGKEItPo&amp;list=PLrqT0WH0HPdM3qcWFqRRj_SOZ80ze0nKj",
                        "duration": "3:01",
                        "documentation": "support/yootheme-pro/wordpress/multiple-items-elements#table-element",
                        "support": "support/search?tags=125&q=table%20element"
                    },
                    {
                        "title": "The Breadcrumbs Element",
                        "src": "https://www.youtube-nocookie.com/watch?v=EBaGuYvm14Q&amp;list=PLrqT0WH0HPdM3qcWFqRRj_SOZ80ze0nKj",
                        "duration": "0:47",
                        "documentation": "support/yootheme-pro/wordpress/system-elements#breadcrumbs-element",
                        "support": "support/search?tags=125&q=breadcrumbs%20element"
                    },
                    {
                        "title": "The Widget Element",
                        "src": "https://www.youtube-nocookie.com/watch?v=DN3ChUpWRs4&amp;list=PLrqT0WH0HPdM3qcWFqRRj_SOZ80ze0nKj",
                        "duration": "1:41",
                        "documentation": "support/yootheme-pro/wordpress/system-elements#widget-element",
                        "support": "support/search?tags=125&q=widget%20element"
                    },
                    {
                        "title": "The Area Element",
                        "src": "https://www.youtube-nocookie.com/watch?v=nkc2CfaBaKY&amp;list=PLrqT0WH0HPdM3qcWFqRRj_SOZ80ze0nKj",
                        "duration": "1:34",
                        "documentation": "support/yootheme-pro/wordpress/system-elements#area-element",
                        "support": "support/search?tags=125&q=area%20element"
                    },
                    {
                        "title": "The Search Element",
                        "src": "https://www.youtube-nocookie.com/watch?v=1BqIOOabndQ&amp;list=PLrqT0WH0HPdM3qcWFqRRj_SOZ80ze0nKj",
                        "duration": "0:46",
                        "documentation": "support/yootheme-pro/wordpress/system-elements#search-element",
                        "support": "support/search?tags=125&q=search%20element"
                    },
                    {
                        "title": "The Pagination Element",
                        "src": "https://www.youtube-nocookie.com/watch?v=QYOrGBI7TeU&amp;list=PLrqT0WH0HPdM3qcWFqRRj_SOZ80ze0nKj",
                        "duration": "1:04",
                        "documentation": "support/yootheme-pro/wordpress/system-elements#pagination-element",
                        "support": "support/search?tags=125&q=pagination%20element"
                    }
                ],
                "Sections": [
                    {
                        "title": "Section Style",
                        "src": "https://www.youtube-nocookie.com/watch?v=QDPcpg6p61U&amp;list=PLrqT0WH0HPdM3qcWFqRRj_SOZ80ze0nKj",
                        "duration": "2:53",
                        "documentation": "support/yootheme-pro/wordpress/sections#background",
                        "support": "support/search?tags=125&q=section%20style"
                    },
                    {
                        "title": "Section Image and Video",
                        "src": "https://www.youtube-nocookie.com/watch?v=w_b7cyPxkvE&amp;list=PLrqT0WH0HPdM3qcWFqRRj_SOZ80ze0nKj",
                        "duration": "3:16",
                        "documentation": "support/yootheme-pro/wordpress/sections#image-and-video",
                        "support": "support/search?tags=125&q=section%20image"
                    },
                    {
                        "title": "Section Width",
                        "src": "https://www.youtube-nocookie.com/watch?v=845DEeI453c&amp;list=PLrqT0WH0HPdM3qcWFqRRj_SOZ80ze0nKj",
                        "duration": "1:33",
                        "documentation": "support/yootheme-pro/wordpress/sections#width",
                        "support": "support/search?tags=125&q=section%20width"
                    },
                    {
                        "title": "Section Height",
                        "src": "https://www.youtube-nocookie.com/watch?v=ebsJftwWOH4&amp;list=PLrqT0WH0HPdM3qcWFqRRj_SOZ80ze0nKj",
                        "duration": "2:19",
                        "documentation": "support/yootheme-pro/wordpress/sections#height",
                        "support": "support/search?tags=125&q=section%20height"
                    },
                    {
                        "title": "Section Padding",
                        "src": "https://www.youtube-nocookie.com/watch?v=p3Vy1yiFL9w&amp;list=PLrqT0WH0HPdM3qcWFqRRj_SOZ80ze0nKj",
                        "duration": "0:50",
                        "documentation": "support/yootheme-pro/wordpress/sections#padding",
                        "support": "support/search?tags=125&q=section%20padding"
                    },
                    {
                        "title": "Sticky Effect",
                        "src": "https://www.youtube-nocookie.com/watch?v=GlOi6Xb56_E&amp;list=PLrqT0WH0HPdM3qcWFqRRj_SOZ80ze0nKj",
                        "duration": "0:48",
                        "documentation": "support/yootheme-pro/wordpress/sections#sticky-effect",
                        "support": "support/search?tags=125&q=section%20sticky"
                    },
                    {
                        "title": "Transparent Header",
                        "src": "https://www.youtube-nocookie.com/watch?v=fhDFf7YBPds&amp;list=PLrqT0WH0HPdM3qcWFqRRj_SOZ80ze0nKj",
                        "duration": "0:53",
                        "documentation": "support/yootheme-pro/wordpress/sections#transparent-header",
                        "support": "support/search?tags=125&q=transparent%20header"
                    },
                    {
                        "title": "Section Animation",
                        "src": "https://www.youtube-nocookie.com/watch?v=d4RgsgId7Og&amp;list=PLrqT0WH0HPdM3qcWFqRRj_SOZ80ze0nKj",
                        "duration": "1:34",
                        "documentation": "support/yootheme-pro/wordpress/sections#animation",
                        "support": "support/search?tags=125&q=section%20animation"
                    },
                    {
                        "title": "Section Title",
                        "src": "https://www.youtube-nocookie.com/watch?v=RRN1lJ2Lx14&amp;list=PLrqT0WH0HPdM3qcWFqRRj_SOZ80ze0nKj",
                        "duration": "1:01",
                        "documentation": "support/yootheme-pro/wordpress/sections#title",
                        "support": "support/search?tags=125&q=section%20title"
                    }
                ],
                "Dynamic Content": [
                    {
                        "title": "Using Content Sources",
                        "src": "https://www.youtube-nocookie.com/watch?v=K5pl56EfOv4&amp;list=PLrqT0WH0HPdM3qcWFqRRj_SOZ80ze0nKj",
                        "duration": "2:39",
                        "documentation": "support/yootheme-pro/wordpress/dynamic-content#content-sources",
                        "support": "support/search?tags=125&q=source"
                    },
                    {
                        "title": "Using Page Sources",
                        "src": "https://www.youtube-nocookie.com/watch?v=E-Fatf67Cq8&amp;list=PLrqT0WH0HPdM3qcWFqRRj_SOZ80ze0nKj",
                        "duration": "1:48",
                        "documentation": "support/yootheme-pro/wordpress/dynamic-content#page-sources",
                        "support": "support/search?tags=125&q=page%20source"
                    },
                    {
                        "title": "Using Custom Sources",
                        "src": "https://www.youtube-nocookie.com/watch?v=wjn8zxMc9Ao&amp;list=PLrqT0WH0HPdM3qcWFqRRj_SOZ80ze0nKj",
                        "duration": "5:58",
                        "documentation": "support/yootheme-pro/wordpress/dynamic-content#custom-sources",
                        "support": "support/search?tags=125&q=custom%20source"
                    },
                    {
                        "title": "Using External Sources",
                        "src": "https://www.youtube-nocookie.com/watch?v=r85RGqWOD5I&amp;list=PLrqT0WH0HPdM3qcWFqRRj_SOZ80ze0nKj",
                        "duration": "1:14",
                        "documentation": "support/yootheme-pro/wordpress/dynamic-content#external-sources",
                        "support": "support/search?tags=125&q=external%20source"
                    },
                    {
                        "title": "Using Site Sources",
                        "src": "https://www.youtube-nocookie.com/watch?v=ee30ZK9tuHw&amp;list=PLrqT0WH0HPdM3qcWFqRRj_SOZ80ze0nKj",
                        "duration": "2:01",
                        "documentation": "support/yootheme-pro/wordpress/dynamic-content#site-sources",
                        "support": "support/search?tags=125&q=site%20source"
                    },
                    {
                        "title": "Using Parent Sources",
                        "src": "https://www.youtube-nocookie.com/watch?v=vmtaDBwTRHw&amp;list=PLrqT0WH0HPdM3qcWFqRRj_SOZ80ze0nKj",
                        "duration": "3:57",
                        "documentation": "support/yootheme-pro/wordpress/dynamic-content#parent-sources",
                        "support": "support/search?tags=125&q=parent%20source"
                    },
                    {
                        "title": "Using Dynamic Multiplication",
                        "src": "https://www.youtube-nocookie.com/watch?v=kyB1S3J8pAo&amp;list=PLrqT0WH0HPdM3qcWFqRRj_SOZ80ze0nKj",
                        "duration": "6:52",
                        "documentation": "support/yootheme-pro/wordpress/dynamic-content#multiplication",
                        "support": "support/search?tags=125&q=multiplication"
                    },
                    {
                        "title": "Setting the Source Order and Direction",
                        "src": "https://www.youtube-nocookie.com/watch?v=Xias2lx1CLw&amp;list=PLrqT0WH0HPdM3qcWFqRRj_SOZ80ze0nKj",
                        "duration": "1:02",
                        "documentation": "support/yootheme-pro/wordpress/dynamic-content#order-and-direction",
                        "support": "support/search?tags=125&q=source%20order"
                    },
                    {
                        "title": "Using Related Sources",
                        "src": "https://www.youtube-nocookie.com/watch?v=nUnBY0SGPis&amp;list=PLrqT0WH0HPdM3qcWFqRRj_SOZ80ze0nKj",
                        "duration": "7:18",
                        "documentation": "support/yootheme-pro/wordpress/dynamic-content#related-sources",
                        "support": "support/search?tags=125&q=related%20source"
                    },
                    {
                        "title": "Mapping Fields",
                        "src": "https://www.youtube-nocookie.com/watch?v=1GK7LlEab5k&amp;list=PLrqT0WH0HPdM3qcWFqRRj_SOZ80ze0nKj",
                        "duration": "1:22",
                        "documentation": "support/yootheme-pro/wordpress/dynamic-content#field-mapping",
                        "support": "support/search?tags=125&q=field"
                    },
                    {
                        "title": "Using Content Fields",
                        "src": "https://www.youtube-nocookie.com/watch?v=9R2fCOTOmGU&amp;list=PLrqT0WH0HPdM3qcWFqRRj_SOZ80ze0nKj",
                        "duration": "1:53",
                        "documentation": "support/yootheme-pro/wordpress/dynamic-content#content-fields",
                        "support": "support/search?tags=125&q=field"
                    },
                    {
                        "title": "Using Custom Fields",
                        "src": "https://www.youtube-nocookie.com/watch?v=r3zlcCZOPEw&amp;list=PLrqT0WH0HPdM3qcWFqRRj_SOZ80ze0nKj",
                        "duration": "0:59",
                        "documentation": "support/yootheme-pro/wordpress/dynamic-content#custom-fields",
                        "support": "support/search?tags=125&q=custom%20fields"
                    },
                    {
                        "title": "Using Custom Post Types",
                        "src": "https://www.youtube-nocookie.com/watch?v=V3jUb4noK8s&amp;list=PLrqT0WH0HPdM3qcWFqRRj_SOZ80ze0nKj",
                        "duration": "1:46",
                        "documentation": "support/yootheme-pro/wordpress/dynamic-content#custom-post-types",
                        "support": "support/search?tags=125&q=custom%20post%20types"
                    },
                    {
                        "title": "Using Dynamic Conditions",
                        "src": "https://www.youtube-nocookie.com/watch?v=TUqOuYCG06o&amp;list=PLrqT0WH0HPdM3qcWFqRRj_SOZ80ze0nKj",
                        "duration": "1:24",
                        "documentation": "support/yootheme-pro/wordpress/dynamic-content#dynamic-conditions",
                        "support": "support/search?tags=125&q=category%20dynamic%20conditions"
                    }
                ],
                "Dynamic Content Field Options": [
                    {
                        "title": "Using the Before and After Field Options",
                        "src": "https://www.youtube-nocookie.com/watch?v=hZ3bxLZoOM4&amp;list=PLrqT0WH0HPdM3qcWFqRRj_SOZ80ze0nKj",
                        "duration": "0:42",
                        "documentation": "support/yootheme-pro/wordpress/dynamic-content#before-and-after",
                        "support": "support/search?tags=125&q=field%20Before%20After"
                    },
                    {
                        "title": "Using the Search and Replace Field Options",
                        "src": "https://www.youtube-nocookie.com/watch?v=LrhnzDJ6Ysw&amp;list=PLrqT0WH0HPdM3qcWFqRRj_SOZ80ze0nKj",
                        "duration": "1:25",
                        "documentation": "support/yootheme-pro/wordpress/dynamic-content#search-and-replace",
                        "support": "support/search?tags=125&q=field%20Search%20Replace"
                    },
                    {
                        "title": "Using the Content Length Field Option",
                        "src": "https://www.youtube-nocookie.com/watch?v=4q-ChcL2JYA&amp;list=PLrqT0WH0HPdM3qcWFqRRj_SOZ80ze0nKj",
                        "duration": "0:23",
                        "documentation": "support/yootheme-pro/wordpress/dynamic-content#content-length",
                        "support": "support/search?tags=125&q=field%20length"
                    },
                    {
                        "title": "Using the Date Format Field Option",
                        "src": "https://www.youtube-nocookie.com/watch?v=fSsbMxexUX4&amp;list=PLrqT0WH0HPdM3qcWFqRRj_SOZ80ze0nKj",
                        "duration": "0:33",
                        "documentation": "support/yootheme-pro/wordpress/dynamic-content#date-format",
                        "support": "support/search?tags=125&q=field%20date"
                    },
                    {
                        "title": "Using the Content Field Options",
                        "src": "https://www.youtube-nocookie.com/watch?v=eoxFMiGLbj8&amp;list=PLrqT0WH0HPdM3qcWFqRRj_SOZ80ze0nKj",
                        "duration": "0:19",
                        "documentation": "support/yootheme-pro/wordpress/dynamic-content#content-field",
                        "support": "support/search?tags=125&q=field%20content"
                    },
                    {
                        "title": "Using the Teaser Field Options",
                        "src": "https://www.youtube-nocookie.com/watch?v=_ZudYS5KNQ0&amp;list=PLrqT0WH0HPdM3qcWFqRRj_SOZ80ze0nKj",
                        "duration": "0:20",
                        "documentation": "support/yootheme-pro/wordpress/dynamic-content#teaser-field",
                        "support": "support/search?tags=125&q=field%20teaser"
                    },
                    {
                        "title": "Using the Meta Field Options",
                        "src": "https://www.youtube-nocookie.com/watch?v=IRnbLn5GkxY&amp;list=PLrqT0WH0HPdM3qcWFqRRj_SOZ80ze0nKj",
                        "duration": "1:11",
                        "documentation": "support/yootheme-pro/wordpress/dynamic-content#meta-field",
                        "support": "support/search?tags=125&q=field%20meta"
                    },
                    {
                        "title": "Using the Categories and Tags Field Options",
                        "src": "https://www.youtube-nocookie.com/watch?v=hgjYnmYf5b4&amp;list=PLrqT0WH0HPdM3qcWFqRRj_SOZ80ze0nKj",
                        "duration": "0:34",
                        "documentation": "support/yootheme-pro/wordpress/dynamic-content#categories-and-tags-fields",
                        "support": "support/search?tags=125&q=field%20categories"
                    }
                ],
                "3rd Party Integration": [
                    {
                        "title": "Using Advanced Custom Fields",
                        "src": "https://www.youtube-nocookie.com/watch?v=vVA6r3OS_Qg&amp;list=PLrqT0WH0HPdM3qcWFqRRj_SOZ80ze0nKj",
                        "duration": "1:44",
                        "documentation": "support/yootheme-pro/wordpress/dynamic-content#advanced-custom-fields",
                        "support": "support/search?tags=125&q=advanced%20custom%20fields"
                    },
                    {
                        "title": "Using Toolset",
                        "src": "https://www.youtube-nocookie.com/watch?v=VfdkTQn34g4&amp;list=PLrqT0WH0HPdM3qcWFqRRj_SOZ80ze0nKj",
                        "duration": "1:10",
                        "documentation": "support/yootheme-pro/wordpress/dynamic-content#toolset",
                        "support": "support/search?tags=125&q=toolset"
                    },
                    {
                        "title": "Using Custom Post Type UI",
                        "src": "https://www.youtube-nocookie.com/watch?v=7rBKNwSloxQ&amp;list=PLrqT0WH0HPdM3qcWFqRRj_SOZ80ze0nKj",
                        "duration": "1:53",
                        "documentation": "support/yootheme-pro/wordpress/dynamic-content#custom-post-type-ui",
                        "support": "support/search?tags=125&q=custom%20post%20type%20ui"
                    },
                    {
                        "title": "Using Powerful Posts Per Page",
                        "src": "https://www.youtube-nocookie.com/watch?v=Fd5LZrONJM0&amp;list=PLrqT0WH0HPdM3qcWFqRRj_SOZ80ze0nKj",
                        "duration": "0:32",
                        "documentation": "support/yootheme-pro/wordpress/dynamic-content#powerful-posts-per-page-pppp",
                        "support": "support/search?tags=125&q=posts%20per%20page"
                    },
                    {
                        "title": "Using WordPress Post Types Order",
                        "src": "https://www.youtube-nocookie.com/watch?v=VgGZza10ZAs&amp;list=PLrqT0WH0HPdM3qcWFqRRj_SOZ80ze0nKj",
                        "duration": "0:33",
                        "documentation": "support/yootheme-pro/wordpress/dynamic-content#post-types-order",
                        "support": "support/search?tags=125&q=post%20order"
                    },
                    {
                        "title": "Using WordPress Category Order and Taxonomy Terms Order",
                        "src": "https://www.youtube-nocookie.com/watch?v=kzE2jvaVAMI&amp;list=PLrqT0WH0HPdM3qcWFqRRj_SOZ80ze0nKj",
                        "duration": "0:45",
                        "documentation": "support/yootheme-pro/wordpress/dynamic-content#category-order-and-taxonomy-terms-order",
                        "support": "support/search?tags=125&q=category%20taxonomy%20order"
                    },
                    {
                        "title": "Using WordPress Popular Posts",
                        "src": "https://www.youtube-nocookie.com/watch?v=New9R2F2jAg&amp;list=PLrqT0WH0HPdM3qcWFqRRj_SOZ80ze0nKj",
                        "duration": "1:16",
                        "documentation": "support/yootheme-pro/wordpress/dynamic-content#wordpress-popular-posts",
                        "support": "support/search?tags=125&q=popular%20posts"
                    }
                ],
                "WooCommerce": [
                    {
                        "title": "Using the WooCommerce Page Builder",
                        "src": "https://www.youtube-nocookie.com/watch?v=-7HrjKvWMAo&amp;list=PLrqT0WH0HPdM3qcWFqRRj_SOZ80ze0nKj",
                        "duration": "0:42",
                        "documentation": "support/yootheme-pro/wordpress/woocommerce#page-builder",
                        "support": "support/search?tags=125&q=woocommerce%20builder"
                    },
                    {
                        "title": "Using the WooCommerce Template Builder",
                        "src": "https://www.youtube-nocookie.com/watch?v=p5z4YUAmtgo&amp;list=PLrqT0WH0HPdM3qcWFqRRj_SOZ80ze0nKj",
                        "duration": "0:44",
                        "documentation": "support/yootheme-pro/wordpress/woocommerce#template-builder",
                        "support": "support/search?tags=125&q=woocommerce%20template"
                    },
                    {
                        "title": "Using the WooCommerce Builder Elements",
                        "src": "https://www.youtube-nocookie.com/watch?v=qju9gr2jpec&amp;list=PLrqT0WH0HPdM3qcWFqRRj_SOZ80ze0nKj",
                        "duration": "2:26",
                        "documentation": "support/yootheme-pro/wordpress/woocommerce#builder-elements",
                        "support": "support/search?tags=125&q=woocommerce%20elements"
                    },
                    {
                        "title": "Using the WooCommerce Product Stock Element",
                        "src": "https://www.youtube-nocookie.com/watch?v=WHx34Q7sF4A&amp;list=PLrqT0WH0HPdM3qcWFqRRj_SOZ80ze0nKj",
                        "duration": "0:21",
                        "documentation": "support/yootheme-pro/wordpress/woocommerce#product-stock",
                        "support": "support/search?tags=125&q=woocommerce%20stock"
                    },
                    {
                        "title": "Using the WooCommerce Products Element",
                        "src": "https://www.youtube-nocookie.com/watch?v=L49BAn7EKwk&amp;list=PLrqT0WH0HPdM3qcWFqRRj_SOZ80ze0nKj",
                        "duration": "1:56",
                        "documentation": "support/yootheme-pro/wordpress/woocommerce#products",
                        "support": "support/search?tags=125&q=woocommerce%20products"
                    },
                    {
                        "title": "Using the WooCommerce Related and Upsell Products Elements",
                        "src": "https://www.youtube-nocookie.com/watch?v=rs09jfWHF8g&amp;list=PLrqT0WH0HPdM3qcWFqRRj_SOZ80ze0nKj",
                        "duration": "0:43",
                        "documentation": "support/yootheme-pro/wordpress/woocommerce#related-and-upsell-products",
                        "support": "support/search?tags=125&q=woocommerce%20products"
                    },
                    {
                        "title": "Using the WooCommerce Pages Element",
                        "src": "https://www.youtube-nocookie.com/watch?v=U8jtcuGSzDk&amp;list=PLrqT0WH0HPdM3qcWFqRRj_SOZ80ze0nKj",
                        "duration": "2:09",
                        "documentation": "support/yootheme-pro/wordpress/woocommerce#woo-pages",
                        "support": "support/search?tags=125&q=woocommerce%20pages"
                    },
                    {
                        "title": "Using WooCommerce Dynamic Content",
                        "src": "https://www.youtube-nocookie.com/watch?v=osWFvCkzTc4&amp;list=PLrqT0WH0HPdM3qcWFqRRj_SOZ80ze0nKj",
                        "duration": "2:04",
                        "documentation": "support/yootheme-pro/wordpress/woocommerce#dynamic-content",
                        "support": "support/search?tags=125&q=woocommerce%20dynamic%20content"
                    },
                    {
                        "title": "Using the WooCommerce Style Customizer",
                        "src": "https://www.youtube-nocookie.com/watch?v=U8z7SDFIfBw&amp;list=PLrqT0WH0HPdM3qcWFqRRj_SOZ80ze0nKj",
                        "duration": "3:10",
                        "documentation": "support/yootheme-pro/wordpress/woocommerce#style-customizer",
                        "support": "support/search?tags=125&q=woocommerce%20style"
                    },
                    {
                        "title": "Creating Advanced WooCommerce Layouts",
                        "src": "https://www.youtube-nocookie.com/watch?v=twh-YyAz3O0&amp;list=PLrqT0WH0HPdM3qcWFqRRj_SOZ80ze0nKj",
                        "duration": "1:14",
                        "documentation": "support/yootheme-pro/wordpress/woocommerce#advanced-layouts",
                        "support": "support/search?tags=125&q=woocommerce%20dynamic%20content"
                    }
                ]
            }
        }
    }
}
