{
    "defaults": {
        "post": {
            "width": "default",
            "padding": "",
            "content_width": "",
            "image_align": "top",
            "image_margin": "medium",
            "image_width": "",
            "image_height": "",
            "header_align": 0,
            "title_margin": "default",
            "meta_align": "bottom",
            "meta_margin": "default",
            "meta_style": "sentence",
            "content_margin": "medium",
            "content_dropcap": 0,
            "navigation": 1,
            "date": 1,
            "author": 1,
            "categories": 1,
            "tags": 1
        },
        "blog": {
            "width": "default",
            "padding": "",
            "column": 1,
            "grid_column_gap": "",
            "grid_row_gap": "",
            "grid_breakpoint": "m",
            "image_align": "top",
            "image_margin": "medium",
            "image_width": "",
            "image_height": "",
            "header_align": 0,
            "title_style": "",
            "title_margin": "default",
            "meta_margin": "default",
            "content_excerpt": 0,
            "content_length": "",
            "content_margin": "medium",
            "content_align": 0,
            "button_style": "default",
            "button_margin": "medium",
            "navigation": "pagination",
            "date": 1,
            "author": 1,
            "categories": 1,
            "comments": 1,
            "content": 1,
            "tags": 0,
            "button": 1,
            "category_title": 0
        },
        "minimum_stability": "stable"
    }
}
