{
    "@import": "./element.php",
    "name": "fragment",
    "title": "Sublayout",
    "group": "basic",
    "icon": "${url:images/icon.svg}",
    "iconSmall": "${url:images/iconSmall.svg}",
    "element": true,
    "container": true,
    "fragment": true,
    "width": 500,
    "defaults": {
        "margin": "default"
    },
    "placeholder": {},
    "templates": {
        "render": "./templates/template.php",
        "content": "./templates/content.php"
    },
    "fields": {
        "content": {
            "type": "builder-fragment"
        },
        "html_element": "${builder.html_element}",
        "position": "${builder.position}",
        "position_left": "${builder.position_left}",
        "position_right": "${builder.position_right}",
        "position_top": "${builder.position_top}",
        "position_bottom": "${builder.position_bottom}",
        "position_z_index": "${builder.position_z_index}",
        "blend": "${builder.blend}",
        "margin": "${builder.margin}",
        "margin_remove_top": "${builder.margin_remove_top}",
        "margin_remove_bottom": "${builder.margin_remove_bottom}",
        "animation": "${builder.animation}",
        "_parallax_button": "${builder._parallax_button}",
        "visibility": "${builder.visibility}",
        "name": "${builder.name}",
        "status": "${builder.status}",
        "source": "${builder.source}",
        "id": "${builder.id}",
        "class": "${builder.cls}",
        "attributes": "${builder.attrs}",
        "css": {
            "label": "CSS",
            "description": "Enter your own custom CSS. The following selectors will be prefixed automatically for this element: <code>.el-element</code>",
            "type": "editor",
            "editor": "code",
            "mode": "css",
            "attrs": {
                "debounce": 500,
                "hints": [".el-element"]
            }
        }
    },
    "fieldset": {
        "default": {
            "type": "tabs",
            "fields": [
                {
                    "title": "Content",
                    "fields": ["content"]
                },
                {
                    "title": "Settings",
                    "fields": [
                        {
                            "label": "Sublayout",
                            "type": "group",
                            "fields": [
                                "html_element"
                            ]
                        },
                        {
                            "label": "General",
                            "type": "group",
                            "fields": [
                                "position",
                                "position_left",
                                "position_right",
                                "position_top",
                                "position_bottom",
                                "position_z_index",
                                "blend",
                                "margin",
                                "margin_remove_top",
                                "margin_remove_bottom",
                                "animation",
                                "_parallax_button",
                                "visibility"
                            ]
                        }
                    ]
                },
                "${builder.advanced}"
            ]
        }
    }
}
