{
    "@import": "./element.php",
    "name": "countdown",
    "title": "Countdown",
    "group": "basic",
    "icon": "${url:images/icon.svg}",
    "iconSmall": "${url:images/iconSmall.svg}",
    "element": true,
    "width": 500,
    "defaults": {
        "show_separator": true,
        "show_label": true,
        "grid_column_gap": "small",
        "grid_row_gap": "small",
        "label_margin": "small",
        "margin": "default"
    },
    "updates": "./updates.php",
    "templates": {
        "render": "./templates/template.php",
        "content": "./templates/content.php"
    },
    "fields": {
        "date": {
            "label": "Date",
            "type": "datetime",
            "description": "Enter a date for the countdown to expire.",
            "source": true
        },
        "label_days": {
            "label": "Labels",
            "attrs": {
                "placeholder": "Days"
            }
        },
        "label_hours": {
            "attrs": {
                "placeholder": "Hours"
            }
        },
        "label_minutes": {
            "attrs": {
                "placeholder": "Minutes"
            }
        },
        "label_seconds": {
            "attrs": {
                "placeholder": "Seconds"
            }
        },
        "show_label": {
            "description": "Enter labels for the countdown time.",
            "type": "checkbox",
            "text": "Show Labels"
        },
        "grid_column_gap": {
            "label": "Column Gap",
            "description": "Set the size of the column gap between the numbers.",
            "type": "select",
            "options": {
                "Small": "small",
                "Medium": "medium",
                "Default": "",
                "Large": "large",
                "None": "collapse"
            }
        },
        "grid_row_gap": {
            "label": "Row Gap",
            "description": "Set the size of the row gap between the numbers.",
            "type": "select",
            "options": {
                "Small": "small",
                "Medium": "medium",
                "Default": "",
                "Large": "large",
                "None": "collapse"
            }
        },
        "show_separator": {
            "label": "Separator",
            "description": "Show a separator between the numbers.",
            "type": "checkbox",
            "text": "Show Separators"
        },
        "label_margin": {
            "label": "Label Margin",
            "description": "Set the margin between the countdown and the label text.",
            "type": "select",
            "options": {
                "Default": "",
                "Small": "small",
                "Medium": "medium",
                "None": "remove"
            },
            "enable": "show_label"
        },
        "position": "${builder.position}",
        "position_left": "${builder.position_left}",
        "position_right": "${builder.position_right}",
        "position_top": "${builder.position_top}",
        "position_bottom": "${builder.position_bottom}",
        "position_z_index": "${builder.position_z_index}",
        "blend": "${builder.blend}",
        "margin": "${builder.margin}",
        "margin_remove_top": "${builder.margin_remove_top}",
        "margin_remove_bottom": "${builder.margin_remove_bottom}",
        "text_align": "${builder.text_align}",
        "text_align_breakpoint": "${builder.text_align_breakpoint}",
        "text_align_fallback": "${builder.text_align_fallback}",
        "animation": "${builder.animation}",
        "_parallax_button": "${builder._parallax_button}",
        "visibility": "${builder.visibility}",
        "name": "${builder.name}",
        "status": "${builder.status}",
        "source": "${builder.source}",
        "id": "${builder.id}",
        "class": "${builder.cls}",
        "attributes": "${builder.attrs}",
        "css": {
            "label": "CSS",
            "description": "Enter your own custom CSS. The following selectors will be prefixed automatically for this element: <code>.el-element</code>",
            "type": "editor",
            "editor": "code",
            "mode": "css",
            "attrs": {
                "debounce": 500,
                "hints": [".el-element"]
            }
        },
        "transform": "${builder.transform}"
    },
    "fieldset": {
        "default": {
            "type": "tabs",
            "fields": [
                {
                    "title": "Content",
                    "fields": [
                        "date",
                        "label_days",
                        "label_hours",
                        "label_minutes",
                        "label_seconds",
                        "show_label"
                    ]
                },
                {
                    "title": "Settings",
                    "fields": [
                        {
                            "label": "Countdown",
                            "type": "group",
                            "divider": true,
                            "fields": [
                                "grid_column_gap",
                                "grid_row_gap",
                                "show_separator",
                                "label_margin"
                            ]
                        },
                        {
                            "label": "General",
                            "type": "group",
                            "fields": [
                                "position",
                                "position_left",
                                "position_right",
                                "position_top",
                                "position_bottom",
                                "position_z_index",
                                "blend",
                                "margin",
                                "margin_remove_top",
                                "margin_remove_bottom",
                                "text_align",
                                "text_align_breakpoint",
                                "text_align_fallback",
                                "animation",
                                "_parallax_button",
                                "visibility"
                            ]
                        }
                    ]
                },
                "${builder.advanced}"
            ]
        }
    }
}
