{
    "sections": {
        "wordpress-widgets": {
            "title": "Widgets",
            "priority": 40,
            "help": {
                "Widgets and Areas": [
                    {
                        "title": "Managing Widgets",
                        "src": "https://www.youtube-nocookie.com/watch?v=VPvMOJy8hPA&amp;list=PLrqT0WH0HPdM3qcWFqRRj_SOZ80ze0nKj",
                        "duration": "1:19",
                        "documentation": "support/yootheme-pro/wordpress/widgets-and-modules",
                        "support": "support/search?tags=125&q=widgets"
                    },
                    {
                        "title": "Creating a New Widget",
                        "src": "https://www.youtube-nocookie.com/watch?v=D7UsEG6FYIE&amp;list=PLrqT0WH0HPdM3qcWFqRRj_SOZ80ze0nKj",
                        "duration": "0:55",
                        "documentation": "support/yootheme-pro/wordpress/widgets-and-modules#add-a-new-widget",
                        "support": "support/search?tags=125&q=widgets"
                    },
                    {
                        "title": "Using Widget Areas",
                        "src": "https://www.youtube-nocookie.com/watch?v=2CS7f-KKn3I&amp;list=PLrqT0WH0HPdM3qcWFqRRj_SOZ80ze0nKj",
                        "duration": "1:48",
                        "documentation": "support/yootheme-pro/wordpress/widgets-and-modules#widget-areas",
                        "support": "support/search?tags=125&q=module%20areas"
                    },
                    {
                        "title": "Assigning Widgets to Specific Pages",
                        "src": "https://www.youtube-nocookie.com/watch?v=xhzDNUw8JAs&amp;list=PLrqT0WH0HPdM3qcWFqRRj_SOZ80ze0nKj",
                        "duration": "1:37",
                        "documentation": "support/yootheme-pro/wordpress/widgets-and-modules#widget-visibility",
                        "support": "support/search?tags=125&q=widget%20visibility"
                    }
                ],
                "Widget Theme Settings": [
                    {
                        "title": "Setting the Widget Default Options",
                        "src": "https://www.youtube-nocookie.com/watch?v=ho3jXYvufJg&amp;list=PLrqT0WH0HPdM3qcWFqRRj_SOZ80ze0nKj",
                        "duration": "0:40",
                        "documentation": "support/yootheme-pro/wordpress/widgets-and-modules#default-options",
                        "support": "support/search?tags=125&q=widget%20theme%20settings"
                    },
                    {
                        "title": "Setting the Widget Appearance Options",
                        "src": "https://www.youtube-nocookie.com/watch?v=IIk6QEfSZTo&amp;list=PLrqT0WH0HPdM3qcWFqRRj_SOZ80ze0nKj",
                        "duration": "1:09",
                        "documentation": "support/yootheme-pro/wordpress/widgets-and-modules#appearance-options",
                        "support": "support/search?tags=125&q=widget%20theme%20settings"
                    },
                    {
                        "title": "Setting the Widget Grid Options",
                        "src": "https://www.youtube-nocookie.com/watch?v=Ha_IKhtjWw8&amp;list=PLrqT0WH0HPdM3qcWFqRRj_SOZ80ze0nKj",
                        "duration": "1:35",
                        "documentation": "support/yootheme-pro/wordpress/widgets-and-modules#grid-options",
                        "support": "support/search?tags=125&q=widget%20theme%20settings%20grid"
                    },
                    {
                        "title": "Setting the Widget List Options",
                        "src": "https://www.youtube-nocookie.com/watch?v=CD1Qc6yvDWQ&amp;list=PLrqT0WH0HPdM3qcWFqRRj_SOZ80ze0nKj",
                        "duration": "0:36",
                        "documentation": "support/yootheme-pro/wordpress/widgets-and-modules#list-options",
                        "support": "support/search?tags=125&q=widget%20theme%20settings%20list"
                    },
                    {
                        "title": "Setting the Widget Menu Options",
                        "src": "https://www.youtube-nocookie.com/watch?v=8gQVrgcUbzs&amp;list=PLrqT0WH0HPdM3qcWFqRRj_SOZ80ze0nKj",
                        "duration": "1:09",
                        "documentation": "support/yootheme-pro/wordpress/widgets-and-modules#menu-options",
                        "support": "support/search?tags=125&q=widget%20theme%20settings%20menu"
                    }
                ],
                "Builder Widget": [
                    {
                        "title": "Using the Builder Widget",
                        "src": "https://www.youtube-nocookie.com/watch?v=JMpEPdC9VN4&amp;list=PLrqT0WH0HPdM3qcWFqRRj_SOZ80ze0nKj",
                        "duration": "1:22",
                        "documentation": "support/yootheme-pro/wordpress/widgets-and-modules#builder-widget",
                        "support": "support/search?tags=125&q=builder%20widget"
                    },
                    {
                        "title": "Creating Advanced Widget Layouts",
                        "src": "https://www.youtube-nocookie.com/watch?v=_0vGzg_lmsg&amp;list=PLrqT0WH0HPdM3qcWFqRRj_SOZ80ze0nKj",
                        "duration": "3:55",
                        "documentation": "support/yootheme-pro/wordpress/widgets-and-modules#advanced-layouts",
                        "support": "support/search?tags=125&q=builder%20widget"
                    }
                ]
            }
        }
    }
}
